{
    "affinity_pred_value": 0.4427837133407593,
    "affinity_probability_binary": 0.3790377974510193,
    "affinity_pred_value1": -0.09014002978801727,
    "affinity_probability_binary1": 0.4003916084766388,
    "affinity_pred_value2": 0.975707471370697,
    "affinity_probability_binary2": 0.3576839566230774
}